word,freq
mri,69
classification,67
temporal-lobe epilepsy,67
surgery,52
atrophy,46
children,45
brain,44
connectivity,44
abnormalities,42
alzheimers-disease,42
segmentation,42
features,41
functional connectivity,41
networks,41
organization,40
epilepsy,39
cortex,38
eeg,38
patterns,38
prediction,38
voxel-based morphometry,38
fdg-pet,37
ilae commission,37
resection,37
sclerosis,37
seizures,37
diffusion,36
improves detection,36
lateralization,36
volume,36
white-matter,36
amygdala,35
automated detection,35
cortical thickness,35
diagnosis,35
fmri,35
gray-matter,35
hippocampal sclerosis,35
human cerebral-cortex,35
parkinsons-disease,35
pet,35
surgical outcomes,35
thickness,35
atlas,34
cortical dysplasia,34
focal cortical dysplasia,34
functional mri,34
hippocampus,34
human brain,34
images,34